<?xml version="1.0" encoding="UTF-8"?>

<!--
  This is the JRebel configuration file. It maps the running application to your IDE workspace, enabling JRebel reloading for this project.
  Refer to https://manuals.jrebel.com/jrebel/standalone/config.html for more information.
-->
<application generated-by="intellij" xmlns:xsi="http://www.w3.org/2001/XMLSchema-instance" xmlns="http://www.zeroturnaround.com" xsi:schemaLocation="http://www.zeroturnaround.com http://update.zeroturnaround.com/jrebel/rebel-2_3.xsd">

	<id>基础管理系统</id>

	<classpath>
		<dir name="D:/code/java/idea_workspace/pro/guonei/管理系统/基础管理系统/out/production/基础管理系统">
		</dir>
	</classpath>

	<web>
		<link target="/">
			<dir name="D:/code/java/idea_workspace/pro/guonei/管理系统/基础管理系统/web">
			</dir>
		</link>
	</web>

</application>
